,term,cat
11,compassion,care.virtue
12,empathy,care.virtue
13,kindness,care.virtue
14,caring,care.virtue
15,generosity,care.virtue
16,benevolence,care.virtue
17,altruism,care.virtue
18,compassionate,care.virtue
19,nurture,care.virtue
20,gentleness,care.virtue
21,nurturance,care.virtue
22,sympathy,care.virtue
23,nurturing,care.virtue
24,motherly,care.virtue
25,love,care.virtue
26,beneficence,care.virtue
27,empathize,care.virtue
28,helpfulness,care.virtue
29,loving,care.virtue
30,pity,care.virtue
31,mercy,care.virtue
32,nurturer,care.virtue
33,compassionately,care.virtue
34,nurturers,care.virtue
35,caringly,care.virtue
36,empathising,care.virtue
37,merciful,care.virtue
38,empathizing,care.virtue
39,nurtures,care.virtue
40,warmhearted,care.virtue
41,empathizers,care.virtue
42,protectiveness,care.virtue
43,nurtured,care.virtue
44,benevolent,care.virtue
45,mothering,care.virtue
46,cared,care.virtue
47,healing,care.virtue
48,empathises,care.virtue
49,humane,care.virtue
50,comfort,care.virtue
51,pitied,care.virtue
52,loved,care.virtue
53,altruist,care.virtue
54,cares,care.virtue
55,pitying,care.virtue
56,comforted,care.virtue
57,hug,care.virtue
58,comforting,care.virtue
59,consoling,care.virtue
60,empathizes,care.virtue
61,sympathize,care.virtue
62,care,care.virtue
63,caregiver,care.virtue
64,empathised,care.virtue
65,hugs,care.virtue
66,heal,care.virtue
67,generous,care.virtue
68,condolences,care.virtue
69,mothered,care.virtue
70,charitable,care.virtue
71,generously,care.virtue
72,pities,care.virtue
73,condolence,care.virtue
74,help,care.virtue
75,consolingly,care.virtue
76,solace,care.virtue
77,mother,care.virtue
78,healer,care.virtue
79,hospitality,care.virtue
80,charity,care.virtue
81,empathized,care.virtue
82,healers,care.virtue
83,pityingly,care.virtue
84,mothers,care.virtue
85,child,care.virtue
86,lovingly,care.virtue
87,parenting,care.virtue
88,rescuing,care.virtue
89,rescuer,care.virtue
90,loves,care.virtue
91,consoled,care.virtue
92,clothe,care.virtue
93,sympathizing,care.virtue
94,helping,care.virtue
95,shared,care.virtue
96,childhood,care.virtue
97,mommy,care.virtue
98,vulnerability,care.virtue
99,helpers,care.virtue
100,lover,care.virtue
101,hospitable,care.virtue
102,sharer,care.virtue
103,feeding,care.virtue
104,nursed,care.virtue
105,helper,care.virtue
106,safeness,care.virtue
107,nurses,care.virtue
108,protector,care.virtue
109,motherhood,care.virtue
110,alleviation,care.virtue
111,nursemaid,care.virtue
112,safeguard,care.virtue
113,protect,care.virtue
114,healthiness,care.virtue
115,protecters,care.virtue
116,patient,care.virtue
117,nurse,care.virtue
118,vulnerable,care.virtue
119,benefit,care.virtue
120,feed,care.virtue
121,childcare,care.virtue
122,rescuers,care.virtue
123,hugged,care.virtue
124,helpful,care.virtue
125,rescues,care.virtue
126,nursing,care.virtue
127,protecting,care.virtue
128,heals,care.virtue
129,childbearing,care.virtue
130,hugger,care.virtue
131,relief,care.virtue
132,healed,care.virtue
133,rescued,care.virtue
134,patients,care.virtue
135,share,care.virtue
136,rescue,care.virtue
137,healthy,care.virtue
138,hospitalise,care.virtue
139,hospitalising,care.virtue
140,hugging,care.virtue
141,nursery,care.virtue
142,healthier,care.virtue
143,sharing,care.virtue
144,helps,care.virtue
145,sympathizers,care.virtue
146,hospitalises,care.virtue
147,alleviating,care.virtue
148,wounded,care.virtue
149,wounds,care.virtue
150,hospitalize,care.virtue
151,alleviate,care.virtue
152,protective,care.virtue
153,protection,care.virtue
154,health,care.virtue
155,relieve,care.virtue
156,sympathizer,care.virtue
157,safety,care.virtue
158,beneficiary,care.virtue
159,helped,care.virtue
160,hospital,care.virtue
161,childbirth,care.virtue
162,benefits,care.virtue
163,healthcare,care.virtue
164,relievers,care.virtue
165,feeds,care.virtue
166,hospitalization,care.virtue
167,benefitting,care.virtue
168,relieving,care.virtue
169,safe,care.virtue
170,feeder,care.virtue
171,benefitted,care.virtue
172,hospitalized,care.virtue
173,unharmful,care.virtue
174,protects,care.virtue
175,unharmed,care.virtue
176,protecter,care.virtue
177,safely,care.virtue
178,safekeeping,care.virtue
179,hospitalizing,care.virtue
180,wounding,care.virtue
181,reliever,care.virtue
182,shares,care.virtue
183,relieves,care.virtue
184,alleviates,care.virtue
185,relieved,care.virtue
186,hospitalizes,care.virtue
187,console,care.virtue
188,protectorate,care.virtue
189,alleviated,care.virtue
190,protected,care.virtue
191,wound,care.virtue
192,consoles,care.virtue
193,harm,care.vice
194,suffer,care.vice
195,hurt,care.vice
196,harmed,care.vice
197,hurting,care.vice
198,hurts,care.vice
199,cruel,care.vice
200,endanger,care.vice
201,harming,care.vice
202,harms,care.vice
203,suffering,care.vice
204,threaten,care.vice
205,inflict,care.vice
206,suffered,care.vice
207,harmful,care.vice
208,inflicted,care.vice
209,mistreat,care.vice
210,endangers,care.vice
211,damaging,care.vice
212,injurious,care.vice
213,victimize,care.vice
214,inflicts,care.vice
215,hurtful,care.vice
216,suffers,care.vice
217,inflicting,care.vice
218,injures,care.vice
219,vulnerable,care.vice
220,unkind,care.vice
221,damage,care.vice
222,kill,care.vice
223,die,care.vice
224,victimizes,care.vice
225,torment,care.vice
226,destroy,care.vice
227,brutalise,care.vice
228,brutalises,care.vice
229,distresses,care.vice
230,endangering,care.vice
231,mistreats,care.vice
232,afflict,care.vice
233,distressing,care.vice
234,destroys,care.vice
235,victimises,care.vice
236,maltreat,care.vice
237,pain,care.vice
238,harsh,care.vice
239,mistreated,care.vice
240,ravage,care.vice
241,threatened,care.vice
242,harass,care.vice
243,unkindness,care.vice
244,afflicted,care.vice
245,threatens,care.vice
246,threatening,care.vice
247,distress,care.vice
248,brutalize,care.vice
249,tormenting,care.vice
250,brutalized,care.vice
251,victimizing,care.vice
252,damager,care.vice
253,damaged,care.vice
254,bully,care.vice
255,agony,care.vice
256,abused,care.vice
257,coldhearted,care.vice
258,inhuman,care.vice
259,injured,care.vice
260,torments,care.vice
261,brutalizes,care.vice
262,uncompassionate,care.vice
263,cruelty,care.vice
264,tormented,care.vice
265,mistreating,care.vice
266,endangered,care.vice
267,uncaring,care.vice
268,anguishes,care.vice
269,destroying,care.vice
270,killed,care.vice
271,mistreatment,care.vice
272,bullied,care.vice
273,harsher,care.vice
274,cruelness,care.vice
275,tortured,care.vice
276,pained,care.vice
277,tortures,care.vice
278,torturing,care.vice
279,maltreated,care.vice
280,anguish,care.vice
281,persecutes,care.vice
282,maltreatment,care.vice
283,brutalizing,care.vice
284,attacked,care.vice
285,victim,care.vice
286,crying,care.vice
287,damages,care.vice
288,discomforting,care.vice
289,abusing,care.vice
290,threat,care.vice
291,persecute,care.vice
292,brutalization,care.vice
293,violent,care.vice
294,annihilated,care.vice
295,torturous,care.vice
296,harasses,care.vice
297,injurer,care.vice
298,destroyed,care.vice
299,molests,care.vice
300,molest,care.vice
301,injuring,care.vice
302,afflicts,care.vice
303,killing,care.vice
304,ache,care.vice
305,wounded,care.vice
306,persecuted,care.vice
307,ravages,care.vice
308,harassed,care.vice
309,exploited,care.vice
310,injury,care.vice
311,brutalisation,care.vice
312,discomfort,care.vice
313,unmerciful,care.vice
314,annihilate,care.vice
315,exploiters,care.vice
316,injurers,care.vice
317,destruction,care.vice
318,manhandle,care.vice
319,kills,care.vice
320,casualties,care.vice
321,maltreating,care.vice
322,victims,care.vice
323,harassing,care.vice
324,needier,care.vice
325,smother,care.vice
326,harassment,care.vice
327,smothers,care.vice
328,unhelpful,care.vice
329,agonize,care.vice
330,inhumanity,care.vice
331,duress,care.vice
332,victimization,care.vice
333,exploiting,care.vice
334,cried,care.vice
335,wounds,care.vice
336,wounding,care.vice
337,murderous,care.vice
338,ravaged,care.vice
339,uncaringly,care.vice
340,pains,care.vice
341,painfulness,care.vice
342,manhandles,care.vice
343,bullies,care.vice
344,assaulted,care.vice
345,uncharitable,care.vice
346,distressed,care.vice
347,persecution,care.vice
348,murdered,care.vice
349,ravaging,care.vice
350,discomforted,care.vice
351,exploitation,care.vice
352,torture,care.vice
353,murderers,care.vice
354,aches,care.vice
355,afflictions,care.vice
356,ungenerous,care.vice
357,victimizer,care.vice
358,agonizing,care.vice
359,paining,care.vice
360,persecuting,care.vice
361,exploit,care.vice
362,harassers,care.vice
363,malevolent,care.vice
364,stabs,care.vice
365,sorrowful,care.vice
366,assaults,care.vice
367,needy,care.vice
368,affliction,care.vice
369,cries,care.vice
370,fighting,care.vice
371,fight,care.vice
372,attack,care.vice
373,annihilates,care.vice
374,sorrow,care.vice
375,agonized,care.vice
376,assaulting,care.vice
377,inhospitable,care.vice
378,threats,care.vice
379,ached,care.vice
380,rapists,care.vice
381,abuser,care.vice
382,raped,care.vice
383,assassinates,care.vice
384,stabbed,care.vice
385,inhospitality,care.vice
386,annihilation,care.vice
387,punch,care.vice
388,harshness,care.vice
389,abusers,care.vice
390,killer,care.vice
391,sufferers,care.vice
392,victimizers,care.vice
393,smite,care.vice
394,killers,care.vice
395,discomforts,care.vice
396,fatalities,care.vice
397,molested,care.vice
398,brutality,care.vice
399,murdering,care.vice
400,torturer,care.vice
401,torturers,care.vice
402,fights,care.vice
403,harmfulness,care.vice
404,bullying,care.vice
405,casualty,care.vice
406,sufferer,care.vice
407,exploiter,care.vice
408,fatality,care.vice
409,punches,care.vice
410,abuses,care.vice
411,attacks,care.vice
412,vulnerability,care.vice
413,carnage,care.vice
414,tribulation,care.vice
415,annihilator,care.vice
416,smothering,care.vice
417,bullyboy,care.vice
418,murderer,care.vice
419,wound,care.vice
420,stabber,care.vice
421,tormenters,care.vice
422,malevolence,care.vice
423,raping,care.vice
424,smothered,care.vice
425,assault,care.vice
426,genocidal,care.vice
427,anguishing,care.vice
428,aching,care.vice
429,anguished,care.vice
430,stabbing,care.vice
431,rapist,care.vice
432,harasser,care.vice
433,hungers,care.vice
434,hunger,care.vice
435,molesting,care.vice
436,rape,care.vice
437,molesters,care.vice
438,punched,care.vice
439,violence,care.vice
440,distressingly,care.vice
441,molester,care.vice
442,stabbers,care.vice
443,neediness,care.vice
444,assassinate,care.vice
445,agonizingly,care.vice
446,tribulations,care.vice
447,unhelpfulness,care.vice
448,assaulter,care.vice
449,puncher,care.vice
450,punching,care.vice
451,rapes,care.vice
452,genocides,care.vice
453,attackers,care.vice
454,tormentor,care.vice
455,assassinations,care.vice
456,destroyers,care.vice
457,punchers,care.vice
458,sorrows,care.vice
459,tormenter,care.vice
460,threateningly,care.vice
461,murder,care.vice
462,destroyer,care.vice
463,assassinating,care.vice
464,crier,care.vice
465,assassinated,care.vice
466,molestation,care.vice
467,attacker,care.vice
468,murders,care.vice
469,genocide,care.vice
470,fighter,care.vice
471,assassins,care.vice
472,assaulters,care.vice
473,hungering,care.vice
474,achingly,care.vice
475,hungered,care.vice
476,murderess,care.vice
477,assassin,care.vice
478,exploits,care.vice
479,fighters,care.vice
480,assassination,care.vice
481,equality,fairness.virtue
482,fairness,fairness.virtue
483,justice,fairness.virtue
484,rights,fairness.virtue
485,equitable,fairness.virtue
486,civil rights,fairness.virtue
487,fairplay,fairness.virtue
488,impartiality,fairness.virtue
489,equal,fairness.virtue
490,fairminded,fairness.virtue
491,proportionality,fairness.virtue
492,equalities,fairness.virtue
493,fair,fairness.virtue
494,integrity,fairness.virtue
495,impartial,fairness.virtue
496,reciprocity,fairness.virtue
497,honesty,fairness.virtue
498,egalitarian,fairness.virtue
499,civil right,fairness.virtue
500,law,fairness.virtue
501,justness,fairness.virtue
502,unbias,fairness.virtue
503,egalitarians,fairness.virtue
504,parity,fairness.virtue
505,objectiveness,fairness.virtue
506,reparations,fairness.virtue
507,unprejudiced,fairness.virtue
508,justices,fairness.virtue
509,laws,fairness.virtue
510,tribunals,fairness.virtue
511,retribution,fairness.virtue
512,reparation,fairness.virtue
513,lawfully,fairness.virtue
514,lawful,fairness.virtue
515,honest,fairness.virtue
516,compensation,fairness.virtue
517,lawyers,fairness.virtue
518,sportsmanship,fairness.virtue
519,tribunal,fairness.virtue
520,do unto others,fairness.virtue
521,golden rule,fairness.virtue
522,lawyer,fairness.virtue
523,proportional,fairness.virtue
524,equity,fairness.virtue
525,lawyering,fairness.virtue
526,trust,fairness.virtue
527,reciprocal,fairness.virtue
528,being objective,fairness.virtue
529,justification,fairness.virtue
530,trustworthiness,fairness.virtue
531,unbiased,fairness.virtue
532,vengeance,fairness.virtue
533,revenge,fairness.virtue
534,retributions,fairness.virtue
535,equals,fairness.virtue
536,equalize,fairness.virtue
537,refereeing,fairness.virtue
538,restitution,fairness.virtue
539,compensating,fairness.virtue
540,been objective,fairness.virtue
541,pay back,fairness.virtue
542,justified,fairness.virtue
543,justifies,fairness.virtue
544,retaliation,fairness.virtue
545,lawyered,fairness.virtue
546,compensated,fairness.virtue
547,referees,fairness.virtue
548,karma,fairness.virtue
549,will share,fairness.virtue
550,avenger,fairness.virtue
551,trusting,fairness.virtue
552,avengers,fairness.virtue
553,square deal,fairness.virtue
554,trusts,fairness.virtue
555,compensate,fairness.virtue
556,trustworthy,fairness.virtue
557,levels the playing field,fairness.virtue
558,tit for tat,fairness.virtue
559,retaliate,fairness.virtue
560,level the playing field,fairness.virtue
561,eye for an eye,fairness.virtue
562,square deals,fairness.virtue
563,repayment,fairness.virtue
564,payback,fairness.virtue
565,equities,fairness.virtue
566,justify,fairness.virtue
567,dues,fairness.virtue
568,square dealing,fairness.virtue
569,referee,fairness.virtue
570,repaid,fairness.virtue
571,square dealer,fairness.virtue
572,equalizer,fairness.virtue
573,due processes,fairness.virtue
574,level playing fields,fairness.virtue
575,repay,fairness.virtue
576,compensates,fairness.virtue
577,justifying,fairness.virtue
578,due processing,fairness.virtue
579,due process,fairness.virtue
580,repayments,fairness.virtue
581,repaying,fairness.virtue
582,level playing field,fairness.virtue
583,retaliating,fairness.virtue
584,square dealers,fairness.virtue
585,retaliated,fairness.virtue
586,refereed,fairness.virtue
587,revenger,fairness.virtue
588,avenging,fairness.virtue
589,repays,fairness.virtue
590,trusted,fairness.virtue
591,avenge,fairness.virtue
592,retaliates,fairness.virtue
593,equalizers,fairness.virtue
594,avenged,fairness.virtue
595,avenges,fairness.virtue
596,cheat,fairness.vice
597,unfair,fairness.vice
598,cheating,fairness.vice
599,unfairness,fairness.vice
600,injustice,fairness.vice
601,fraud,fairness.vice
602,dishonest,fairness.vice
603,unjust,fairness.vice
604,cheated,fairness.vice
605,fraudulent,fairness.vice
606,cheats,fairness.vice
607,frauds,fairness.vice
608,dishonesty,fairness.vice
609,cheaters,fairness.vice
610,deception,fairness.vice
611,injustices,fairness.vice
612,swindle,fairness.vice
613,inequity,fairness.vice
614,hypocrisy,fairness.vice
615,discrimination,fairness.vice
616,unequal,fairness.vice
617,cheater,fairness.vice
618,inequities,fairness.vice
619,defraud,fairness.vice
620,racism,fairness.vice
621,scam,fairness.vice
622,liar,fairness.vice
623,defrauds,fairness.vice
624,betrayal,fairness.vice
625,deceipt,fairness.vice
626,defrauded,fairness.vice
627,inequality,fairness.vice
628,liars,fairness.vice
629,defrauders,fairness.vice
630,hypocrite,fairness.vice
631,biased,fairness.vice
632,ripoffs,fairness.vice
633,scams,fairness.vice
634,fleecing,fairness.vice
635,defrauder,fairness.vice
636,discriminates,fairness.vice
637,mislead,fairness.vice
638,inequalities,fairness.vice
639,prejudice,fairness.vice
640,fleeced,fairness.vice
641,defrauding,fairness.vice
642,ripoff,fairness.vice
643,scamming,fairness.vice
644,imposters,fairness.vice
645,exploitation,fairness.vice
646,crooked,fairness.vice
647,oppress,fairness.vice
648,racist,fairness.vice
649,oppression,fairness.vice
650,imposter,fairness.vice
651,swindled,fairness.vice
652,hypocrites,fairness.vice
653,plagiarism,fairness.vice
654,lied,fairness.vice
655,untrustworthiness,fairness.vice
656,hoodwink,fairness.vice
657,scammed,fairness.vice
658,blackmail,fairness.vice
659,bilks,fairness.vice
660,swindling,fairness.vice
661,betrayed,fairness.vice
662,bias,fairness.vice
663,connive,fairness.vice
664,crooks,fairness.vice
665,deceive,fairness.vice
666,freeloaders,fairness.vice
667,favoritism,fairness.vice
668,disparity,fairness.vice
669,swindles,fairness.vice
670,deceived,fairness.vice
671,exploiters,fairness.vice
672,misleading,fairness.vice
673,discriminated,fairness.vice
674,bilked,fairness.vice
675,deceiving,fairness.vice
676,untrustworthy,fairness.vice
677,prejudiced,fairness.vice
678,false advertise,fairness.vice
679,scammers,fairness.vice
680,swindler,fairness.vice
681,theft,fairness.vice
682,duplicitous,fairness.vice
683,hoodwinked,fairness.vice
684,bigoted,fairness.vice
685,sexism,fairness.vice
686,disproportionate,fairness.vice
687,swindlers,fairness.vice
688,discriminate,fairness.vice
689,conniving,fairness.vice
690,sexist,fairness.vice
691,betraying,fairness.vice
692,hoodwinking,fairness.vice
693,partiality,fairness.vice
694,misleads,fairness.vice
695,disproportion,fairness.vice
696,economic disparity,fairness.vice
697,exploiter,fairness.vice
698,bilk,fairness.vice
699,biases,fairness.vice
700,bigots,fairness.vice
701,distrust,fairness.vice
702,dupe,fairness.vice
703,crook,fairness.vice
704,racists,fairness.vice
705,con artist,fairness.vice
706,bilking,fairness.vice
707,blackmailing,fairness.vice
708,deceives,fairness.vice
709,betrayers,fairness.vice
710,deceiver,fairness.vice
711,blackmailed,fairness.vice
712,duping,fairness.vice
713,shyster,fairness.vice
714,connivers,fairness.vice
715,imbalanced,fairness.vice
716,con artists,fairness.vice
717,sexists,fairness.vice
718,thieving,fairness.vice
719,betray,fairness.vice
720,imbalance,fairness.vice
721,disproportions,fairness.vice
722,disproportionately,fairness.vice
723,freeloader,fairness.vice
724,misleaders,fairness.vice
725,connived,fairness.vice
726,shysters,fairness.vice
727,scammer,fairness.vice
728,connives,fairness.vice
729,conniver,fairness.vice
730,disadvantaged,fairness.vice
731,plagiaristic,fairness.vice
732,moocher,fairness.vice
733,dupes,fairness.vice
734,discriminating,fairness.vice
735,tricked,fairness.vice
736,segregation,fairness.vice
737,false advertised,fairness.vice
738,thief,fairness.vice
739,betrayer,fairness.vice
740,bigot,fairness.vice
741,exploiting,fairness.vice
742,lying,fairness.vice
743,thieves,fairness.vice
744,stealing,fairness.vice
745,suckered,fairness.vice
746,deceivers,fairness.vice
747,bamboozled,fairness.vice
748,false advertisement,fairness.vice
749,freeload,fairness.vice
750,bamboozle,fairness.vice
751,did rob,fairness.vice
752,freeloading,fairness.vice
753,steal,fairness.vice
754,pickpocketing,fairness.vice
755,blackmailer,fairness.vice
756,prejudicing,fairness.vice
757,chauvinists,fairness.vice
758,exploit,fairness.vice
759,misleader,fairness.vice
760,hoodwinks,fairness.vice
761,false advertiser,fairness.vice
762,imbalances,fairness.vice
763,pickpocketed,fairness.vice
764,exploited,fairness.vice
765,pickpockets,fairness.vice
766,bamboozles,fairness.vice
767,tricking,fairness.vice
768,taking advantage,fairness.vice
769,pickpocket,fairness.vice
770,false advertisers,fairness.vice
771,biasing,fairness.vice
772,false impression,fairness.vice
773,bamboozling,fairness.vice
774,false witness,fairness.vice
775,robs,fairness.vice
776,moochers,fairness.vice
777,betrays,fairness.vice
778,robbing,fairness.vice
779,false advertises,fairness.vice
780,false impressions,fairness.vice
781,blackmails,fairness.vice
782,double cross,fairness.vice
783,blackmailers,fairness.vice
784,will rob,fairness.vice
785,stolen,fairness.vice
786,distrustful,fairness.vice
787,false advertising,fairness.vice
788,double crossers,fairness.vice
789,mooches,fairness.vice
790,disproportioned,fairness.vice
791,mooching,fairness.vice
792,segregated,fairness.vice
793,double crosser,fairness.vice
794,robbed,fairness.vice
795,misleadingly,fairness.vice
796,segregating,fairness.vice
797,stole,fairness.vice
798,double crosses,fairness.vice
799,being partial,fairness.vice
800,exploits,fairness.vice
801,distrusts,fairness.vice
802,mooch,fairness.vice
803,segregate,fairness.vice
804,robbers,fairness.vice
805,distrusted,fairness.vice
806,double crossing,fairness.vice
807,distrusting,fairness.vice
808,double crossed,fairness.vice
809,be partial,fairness.vice
810,go back on,fairness.vice
811,stacking the deck,fairness.vice
812,robber,fairness.vice
813,segregates,fairness.vice
814,ripping off,fairness.vice
815,trickster,fairness.vice
816,rips off,fairness.vice
817,behind their backs,fairness.vice
818,mooched,fairness.vice
819,stacked the deck,fairness.vice
820,was partial,fairness.vice
821,am partial,fairness.vice
822,stacked deck,fairness.vice
823,stacks the deck,fairness.vice
824,behind their back,fairness.vice
825,been partial,fairness.vice
826,free rider,fairness.vice
827,ripped off,fairness.vice
828,free riders,fairness.vice
829,deceivingly,fairness.vice
830,steals,fairness.vice
831,unequaled,fairness.vice
832,team player,loyalty.virtue
833,player,loyalty.virtue
834,patriot,loyalty.virtue
835,loyal,loyalty.virtue
836,loyalty,loyalty.virtue
837,patriots,loyalty.virtue
838,follower,loyalty.virtue
839,fidelity,loyalty.virtue
840,allegiance,loyalty.virtue
841,ally,loyalty.virtue
842,comrade,loyalty.virtue
843,loyalties,loyalty.virtue
844,death do us part,loyalty.virtue
845,faction,loyalty.virtue
846,comrades,loyalty.virtue
847,allegiances,loyalty.virtue
848,sacrifice,loyalty.virtue
849,allies,loyalty.virtue
850,organization,loyalty.virtue
851,followers,loyalty.virtue
852,us against them,loyalty.virtue
853,sacrifices,loyalty.virtue
854,all for one,loyalty.virtue
855,comradery,loyalty.virtue
856,one for all,loyalty.virtue
857,fellow,loyalty.virtue
858,family,loyalty.virtue
859,allegiant,loyalty.virtue
860,corps,loyalty.virtue
861,unity,loyalty.virtue
862,union jack,loyalty.virtue
863,uniter,loyalty.virtue
864,old glory,loyalty.virtue
865,companions,loyalty.virtue
866,country,loyalty.virtue
867,companion,loyalty.virtue
868,homeland,loyalty.virtue
869,sacrificing,loyalty.virtue
870,indivisible,loyalty.virtue
871,sacrificed,loyalty.virtue
872,solidarity,loyalty.virtue
873,troops,loyalty.virtue
874,nation,loyalty.virtue
875,cult,loyalty.virtue
876,kinship,loyalty.virtue
877,companionship,loyalty.virtue
878,clique,loyalty.virtue
879,allied,loyalty.virtue
880,community,loyalty.virtue
881,group,loyalty.virtue
882,factions,loyalty.virtue
883,familiarity,loyalty.virtue
884,solidarities,loyalty.virtue
885,enlist,loyalty.virtue
886,companionships,loyalty.virtue
887,wife,loyalty.virtue
888,united,loyalty.virtue
889,belongs,loyalty.virtue
890,congregation,loyalty.virtue
891,brothers in arms,loyalty.virtue
892,clan,loyalty.virtue
893,trooper,loyalty.virtue
894,sect,loyalty.virtue
895,enlisted,loyalty.virtue
896,enlistment,loyalty.virtue
897,tribalism,loyalty.virtue
898,cohorts,loyalty.virtue
899,war,loyalty.virtue
900,joining,loyalty.virtue
901,troop,loyalty.virtue
902,sacrificial,loyalty.virtue
903,coalition,loyalty.virtue
904,insider,loyalty.virtue
905,pledge,loyalty.virtue
906,cohort,loyalty.virtue
907,enlisting,loyalty.virtue
908,unite,loyalty.virtue
909,communion,loyalty.virtue
910,familiarities,loyalty.virtue
911,belong,loyalty.virtue
912,ingroup,loyalty.virtue
913,belonged,loyalty.virtue
914,company,loyalty.virtue
915,collective,loyalty.virtue
916,fellows,loyalty.virtue
917,cliques,loyalty.virtue
918,uniting,loyalty.virtue
919,clans,loyalty.virtue
920,hazing,loyalty.virtue
921,congregates,loyalty.virtue
922,herd,loyalty.virtue
923,sects,loyalty.virtue
924,uniters,loyalty.virtue
925,undivided,loyalty.virtue
926,unites,loyalty.virtue
927,pledgers,loyalty.virtue
928,coalitions,loyalty.virtue
929,enlists,loyalty.virtue
930,grouping,loyalty.virtue
931,insiders,loyalty.virtue
932,families,loyalty.virtue
933,troupe,loyalty.virtue
934,fellowship,loyalty.virtue
935,kin,loyalty.virtue
936,pledger,loyalty.virtue
937,horde,loyalty.virtue
938,nations,loyalty.virtue
939,tribe,loyalty.virtue
940,hordes,loyalty.virtue
941,pledges,loyalty.virtue
942,herder,loyalty.virtue
943,commune,loyalty.virtue
944,cults,loyalty.virtue
945,congregations,loyalty.virtue
946,organizations,loyalty.virtue
947,herds,loyalty.virtue
948,pledging,loyalty.virtue
949,communities,loyalty.virtue
950,familiar,loyalty.virtue
951,hazings,loyalty.virtue
952,belonging,loyalty.virtue
953,pledged,loyalty.virtue
954,bowed,loyalty.virtue
955,collectively,loyalty.virtue
956,together,loyalty.virtue
957,groups,loyalty.virtue
958,homelands,loyalty.virtue
959,collectives,loyalty.virtue
960,troopers,loyalty.virtue
961,tribes,loyalty.virtue
962,companies,loyalty.virtue
963,countries,loyalty.virtue
964,troupes,loyalty.virtue
965,fellowships,loyalty.virtue
966,tribal,loyalty.virtue
967,communes,loyalty.virtue
968,herders,loyalty.virtue
969,grouped,loyalty.virtue
970,herding,loyalty.virtue
971,congregate,loyalty.virtue
972,herded,loyalty.virtue
973,congregating,loyalty.virtue
974,traitor,loyalty.vice
975,disloyal,loyalty.vice
976,treason,loyalty.vice
977,traitors,loyalty.vice
978,betray,loyalty.vice
979,betraying,loyalty.vice
980,betrayer,loyalty.vice
981,betrayers,loyalty.vice
982,unpatriotic,loyalty.vice
983,betrayed,loyalty.vice
984,treachery,loyalty.vice
985,enemies,loyalty.vice
986,backstabber,loyalty.vice
987,backstabbed,loyalty.vice
988,heretic,loyalty.vice
989,enemy,loyalty.vice
990,betrays,loyalty.vice
991,deserter,loyalty.vice
992,infidels,loyalty.vice
993,infidel,loyalty.vice
994,backstab,loyalty.vice
995,deserting,loyalty.vice
996,apostate,loyalty.vice
997,heresy,loyalty.vice
998,backstabbers,loyalty.vice
999,heretics,loyalty.vice
1000,unfaithful,loyalty.vice
1001,rebellion,loyalty.vice
1002,desertion,loyalty.vice
1003,deserters,loyalty.vice
1004,apostates,loyalty.vice
1005,unfaithfulness,loyalty.vice
1006,backstabbing,loyalty.vice
1007,rebel,loyalty.vice
1008,cheat on,loyalty.vice
1009,treacherous,loyalty.vice
1010,backstabs,loyalty.vice
1011,heresies,loyalty.vice
1012,outsider,loyalty.vice
1013,outgroup,loyalty.vice
1014,cheated on,loyalty.vice
1015,against us,loyalty.vice
1016,cheating on,loyalty.vice
1017,rebels,loyalty.vice
1018,infidelity,loyalty.vice
1019,outgroups,loyalty.vice
1020,rebellions,loyalty.vice
1021,outsiders,loyalty.vice
1022,cheats on,loyalty.vice
1023,respect,authority.virtue
1024,obey,authority.virtue
1025,authority,authority.virtue
1026,obeyed,authority.virtue
1027,deference,authority.virtue
1028,reverence,authority.virtue
1029,respecting,authority.virtue
1030,obeying,authority.virtue
1031,tradition,authority.virtue
1032,adhere,authority.virtue
1033,obeys,authority.virtue
1034,revere,authority.virtue
1035,govern,authority.virtue
1036,comply,authority.virtue
1037,respectful,authority.virtue
1038,honor,authority.virtue
1039,adhered,authority.virtue
1040,allegiance,authority.virtue
1041,dictates,authority.virtue
1042,nobility,authority.virtue
1043,forbid,authority.virtue
1044,dominion,authority.virtue
1045,governed,authority.virtue
1046,obedient,authority.virtue
1047,reveres,authority.virtue
1048,adhering,authority.virtue
1049,governs,authority.virtue
1050,governing,authority.virtue
1051,oppress,authority.virtue
1052,respected,authority.virtue
1053,respectfully,authority.virtue
1054,honorable,authority.virtue
1055,dictate,authority.virtue
1056,commandments,authority.virtue
1057,commandment,authority.virtue
1058,venerate,authority.virtue
1059,politeness,authority.virtue
1060,respects,authority.virtue
1061,obedience,authority.virtue
1062,divine right,authority.virtue
1063,forbids,authority.virtue
1064,permission,authority.virtue
1065,veneration,authority.virtue
1066,hierarchy,authority.virtue
1067,forbade,authority.virtue
1068,honoring,authority.virtue
1069,proper,authority.virtue
1070,venerated,authority.virtue
1071,stature,authority.virtue
1072,acquiesce,authority.virtue
1073,adherence,authority.virtue
1074,deferential,authority.virtue
1075,leadership,authority.virtue
1076,punish,authority.virtue
1077,forbidding,authority.virtue
1078,revered,authority.virtue
1079,filial piety,authority.virtue
1080,patriarchs,authority.virtue
1081,decree,authority.virtue
1082,coerce,authority.virtue
1083,dominions,authority.virtue
1084,dictating,authority.virtue
1085,venerating,authority.virtue
1086,wear the crown,authority.virtue
1087,venerates,authority.virtue
1088,institution,authority.virtue
1089,monarchical,authority.virtue
1090,servant,authority.virtue
1091,decrees,authority.virtue
1092,permit,authority.virtue
1093,do as one says,authority.virtue
1094,supervise,authority.virtue
1095,duty,authority.virtue
1096,compliance,authority.virtue
1097,lionize,authority.virtue
1098,supervision,authority.virtue
1099,take orders,authority.virtue
1100,take up arms,authority.virtue
1101,duties,authority.virtue
1102,dictated,authority.virtue
1103,elders,authority.virtue
1104,emperors,authority.virtue
1105,commands,authority.virtue
1106,acquiesced,authority.virtue
1107,emperor,authority.virtue
1108,adheres,authority.virtue
1109,servants,authority.virtue
1110,regulations,authority.virtue
1111,covenant,authority.virtue
1112,hierarchical,authority.virtue
1113,subordinate,authority.virtue
1114,policing,authority.virtue
1115,decreeing,authority.virtue
1116,acquiesces,authority.virtue
1117,authorizing,authority.virtue
1118,nobles,authority.virtue
1119,permits,authority.virtue
1120,matriarchal,authority.virtue
1121,authorizes,authority.virtue
1122,control,authority.virtue
1123,command,authority.virtue
1124,subordinating,authority.virtue
1125,hierarchies,authority.virtue
1126,reverential,authority.virtue
1127,deferentially,authority.virtue
1128,punishes,authority.virtue
1129,patriarch,authority.virtue
1130,empires,authority.virtue
1131,honored,authority.virtue
1132,allegiant,authority.virtue
1133,protect,authority.virtue
1134,traditional,authority.virtue
1135,subordination,authority.virtue
1136,punished,authority.virtue
1137,noble,authority.virtue
1138,order,authority.virtue
1139,worship,authority.virtue
1140,social order,authority.virtue
1141,monarchs,authority.virtue
1142,ruling,authority.virtue
1143,lead by example,authority.virtue
1144,authorities,authority.virtue
1145,guiding,authority.virtue
1146,presidents,authority.virtue
1147,slavishly,authority.virtue
1148,patriarchy,authority.virtue
1149,subordinates,authority.virtue
1150,protection,authority.virtue
1151,supervisers,authority.virtue
1152,bow before,authority.virtue
1153,fathers,authority.virtue
1154,bow down,authority.virtue
1155,institutions,authority.virtue
1156,coersion,authority.virtue
1157,governors,authority.virtue
1158,commanded,authority.virtue
1159,police,authority.virtue
1160,authorize,authority.virtue
1161,bullys,authority.virtue
1162,bully,authority.virtue
1163,protecting,authority.virtue
1164,acquiescing,authority.virtue
1165,empire,authority.virtue
1166,mentor,authority.virtue
1167,chiefs,authority.virtue
1168,monarchies,authority.virtue
1169,honors,authority.virtue
1170,preside over,authority.virtue
1171,acquiescent,authority.virtue
1172,allegiances,authority.virtue
1173,bowing,authority.virtue
1174,oligarchy,authority.virtue
1175,willing,authority.virtue
1176,polite,authority.virtue
1177,supervising,authority.virtue
1178,pecking order,authority.virtue
1179,compliantly,authority.virtue
1180,bishops,authority.virtue
1181,monarch,authority.virtue
1182,slaves,authority.virtue
1183,traitors,authority.virtue
1184,punishments,authority.virtue
1185,authorized,authority.virtue
1186,protector,authority.virtue
1187,compliant,authority.virtue
1188,dutiful,authority.virtue
1189,father,authority.virtue
1190,punishment,authority.virtue
1191,coerces,authority.virtue
1192,toe the line,authority.virtue
1193,monarchy,authority.virtue
1194,obediently,authority.virtue
1195,elder,authority.virtue
1196,oligarchies,authority.virtue
1197,dictators,authority.virtue
1198,leaders,authority.virtue
1199,bishop,authority.virtue
1200,lorded over,authority.virtue
1201,worships,authority.virtue
1202,coercing,authority.virtue
1203,protectors,authority.virtue
1204,dictator,authority.virtue
1205,protected,authority.virtue
1206,punishing,authority.virtue
1207,traitor,authority.virtue
1208,commanding,authority.virtue
1209,coerced,authority.virtue
1210,commanders,authority.virtue
1211,pope,authority.virtue
1212,punitive,authority.virtue
1213,underlings,authority.virtue
1214,master,authority.virtue
1215,subordinated,authority.virtue
1216,president,authority.virtue
1217,in charge,authority.virtue
1218,matriarchy,authority.virtue
1219,lionizing,authority.virtue
1220,slave,authority.virtue
1221,chief,authority.virtue
1222,covenants,authority.virtue
1223,commander,authority.virtue
1224,matriarch,authority.virtue
1225,authorizer,authority.virtue
1226,guide,authority.virtue
1227,ordered,authority.virtue
1228,supervised,authority.virtue
1229,captains,authority.virtue
1230,punisher,authority.virtue
1231,supervises,authority.virtue
1232,bossing,authority.virtue
1233,commandant,authority.virtue
1234,governor,authority.virtue
1235,protects,authority.virtue
1236,admiral,authority.virtue
1237,top gun,authority.virtue
1238,bowed,authority.virtue
1239,dominate,authority.virtue
1240,arrest,authority.virtue
1241,mentored,authority.virtue
1242,ordering,authority.virtue
1243,submit,authority.virtue
1244,institutional,authority.virtue
1245,prime minister,authority.virtue
1246,lionizes,authority.virtue
1247,ranking,authority.virtue
1248,boss,authority.virtue
1249,captain,authority.virtue
1250,by the book,authority.virtue
1251,mentors,authority.virtue
1252,bullies,authority.virtue
1253,dominant,authority.virtue
1254,arrested,authority.virtue
1255,bossed,authority.virtue
1256,leader,authority.virtue
1257,rank,authority.virtue
1258,arresting,authority.virtue
1259,chieftain,authority.virtue
1260,prime ministers,authority.virtue
1261,regulation,authority.virtue
1262,superviser,authority.virtue
1263,dean,authority.virtue
1264,arrests,authority.virtue
1265,punishers,authority.virtue
1266,bullied,authority.virtue
1267,matriarchs,authority.virtue
1268,controlling,authority.virtue
1269,managerial,authority.virtue
1270,bosses,authority.virtue
1271,ranks,authority.virtue
1272,controls,authority.virtue
1273,dictation,authority.virtue
1274,guides,authority.virtue
1275,oligarchs,authority.virtue
1276,principals,authority.virtue
1277,top dog,authority.virtue
1278,admirals,authority.virtue
1279,caste,authority.virtue
1280,captaining,authority.virtue
1281,queen,authority.virtue
1282,mentoring,authority.virtue
1283,elderly,authority.virtue
1284,castes,authority.virtue
1285,governess,authority.virtue
1286,captained,authority.virtue
1287,principal,authority.virtue
1288,bullying,authority.virtue
1289,submission,authority.virtue
1290,dominated,authority.virtue
1291,corporate ladders,authority.virtue
1292,queens,authority.virtue
1293,underling,authority.virtue
1294,corporate ladder,authority.virtue
1295,fathered,authority.virtue
1296,dominates,authority.virtue
1297,dominating,authority.virtue
1298,presidential,authority.virtue
1299,oligarch,authority.virtue
1300,controlled,authority.virtue
1301,submits,authority.virtue
1302,submitting,authority.virtue
1303,head honcho,authority.virtue
1304,commandingly,authority.virtue
1305,vice president,authority.virtue
1306,slaving,authority.virtue
1307,fathering,authority.virtue
1308,slaved,authority.virtue
1309,managers,authority.virtue
1310,forbiddingly,authority.virtue
1311,controllers,authority.virtue
1312,submitted,authority.virtue
1313,ringleaders,authority.virtue
1314,ringleader,authority.virtue
1315,controller,authority.virtue
1316,ranked,authority.virtue
1317,manager,authority.virtue
1318,prime ministerial,authority.virtue
1319,submissions,authority.virtue
1320,ceo,authority.virtue
1321,punishingly,authority.virtue
1322,submitter,authority.virtue
1323,submitters,authority.virtue
1324,disrespect,authority.vice
1325,disobey,authority.vice
1326,disobedience,authority.vice
1327,anarchy,authority.vice
1328,chaos,authority.vice
1329,subversion,authority.vice
1330,subvert,authority.vice
1331,lawlessness,authority.vice
1332,subverting,authority.vice
1333,disrespecting,authority.vice
1334,sedition,authority.vice
1335,treason,authority.vice
1336,overthrow,authority.vice
1337,insurrection,authority.vice
1338,rebellion,authority.vice
1339,transgress,authority.vice
1340,treachery,authority.vice
1341,dissent,authority.vice
1342,dishonor,authority.vice
1343,dissention,authority.vice
1344,disrespects,authority.vice
1345,bedlam,authority.vice
1346,rebelling,authority.vice
1347,misrule,authority.vice
1348,transgression,authority.vice
1349,insurrectional,authority.vice
1350,pandemonium,authority.vice
1351,mutiny,authority.vice
1352,mutinies,authority.vice
1353,misruling,authority.vice
1354,disobedient,authority.vice
1355,subverted,authority.vice
1356,transgresses,authority.vice
1357,transgressed,authority.vice
1358,disarray,authority.vice
1359,misruled,authority.vice
1360,rioting,authority.vice
1361,lawless,authority.vice
1362,transgressing,authority.vice
1363,illegality,authority.vice
1364,overthrowing,authority.vice
1365,dishonorable,authority.vice
1366,dishonoring,authority.vice
1367,rebelled,authority.vice
1368,rebellions,authority.vice
1369,riot,authority.vice
1370,dishonouring,authority.vice
1371,disrespected,authority.vice
1372,permissiveness,authority.vice
1373,refuser,authority.vice
1374,unruly,authority.vice
1375,subverts,authority.vice
1376,unlawfulness,authority.vice
1377,overthrown,authority.vice
1378,anarchistic,authority.vice
1379,dishonours,authority.vice
1380,riots,authority.vice
1381,refuse,authority.vice
1382,chaotic,authority.vice
1383,nonconformity,authority.vice
1384,dissenters,authority.vice
1385,uprising,authority.vice
1386,insurrections,authority.vice
1387,rioters,authority.vice
1388,disordering,authority.vice
1389,insubordinate,authority.vice
1390,mutinied,authority.vice
1391,insurrectionist,authority.vice
1392,unlawful,authority.vice
1393,nonconformists,authority.vice
1394,heresy,authority.vice
1395,uprisings,authority.vice
1396,dishonors,authority.vice
1397,tumult,authority.vice
1398,overthrew,authority.vice
1399,overthrows,authority.vice
1400,rabble rousers,authority.vice
1401,renegade,authority.vice
1402,impolite,authority.vice
1403,renegades,authority.vice
1404,rabble rousing,authority.vice
1405,dishonored,authority.vice
1406,illegal,authority.vice
1407,rioter,authority.vice
1408,mutinous,authority.vice
1409,disarrayed,authority.vice
1410,apostates,authority.vice
1411,dissidents,authority.vice
1412,anarchists,authority.vice
1413,raise hell,authority.vice
1414,disorder,authority.vice
1415,refusers,authority.vice
1416,permissive,authority.vice
1417,apostate,authority.vice
1418,anarchist,authority.vice
1419,treacherous,authority.vice
1420,dissident,authority.vice
1421,raises hell,authority.vice
1422,disordered,authority.vice
1423,heretic,authority.vice
1424,overpower,authority.vice
1425,rabble rouser,authority.vice
1426,rebel,authority.vice
1427,raising hell,authority.vice
1428,heretics,authority.vice
1429,unathorized,authority.vice
1430,refusing,authority.vice
1431,rebels,authority.vice
1432,refuses,authority.vice
1433,rioted,authority.vice
1434,orders,authority.vice
1435,dissenter,authority.vice
1436,chaotically,authority.vice
1437,nonconformist,authority.vice
1438,heresies,authority.vice
1439,illegals,authority.vice
1440,unlawfully,authority.vice
1441,heretical,authority.vice
1442,dissents,authority.vice
1443,traditions,authority.vice
1444,dissenting,authority.vice
1445,overpowers,authority.vice
1446,trouble maker,authority.vice
1447,refused,authority.vice
1448,rock the boat,authority.vice
1449,overpowering,authority.vice
1450,tumultuous,authority.vice
1451,overpowered,authority.vice
1452,dissented,authority.vice
1453,nonconforming,authority.vice
1454,sanctity,sanctity.virtue
1455,sacred,sanctity.virtue
1456,sacredness,sanctity.virtue
1457,purity,sanctity.virtue
1458,wholesome,sanctity.virtue
1459,pureness,sanctity.virtue
1460,wholesomeness,sanctity.virtue
1461,holiness,sanctity.virtue
1462,dignity,sanctity.virtue
1463,godly,sanctity.virtue
1464,piety,sanctity.virtue
1465,sanctify,sanctity.virtue
1466,chastity,sanctity.virtue
1467,undefiled,sanctity.virtue
1468,holy,sanctity.virtue
1469,sacrosanct,sanctity.virtue
1470,pious,sanctity.virtue
1471,righteousness,sanctity.virtue
1472,dignities,sanctity.virtue
1473,sanctified,sanctity.virtue
1474,godliness,sanctity.virtue
1475,spirituality,sanctity.virtue
1476,chaste,sanctity.virtue
1477,sanctifies,sanctity.virtue
1478,righteous,sanctity.virtue
1479,divine,sanctity.virtue
1480,religious,sanctity.virtue
1481,biblical,sanctity.virtue
1482,spiritual,sanctity.virtue
1483,deity,sanctity.virtue
1484,sanctifying,sanctity.virtue
1485,noble,sanctity.virtue
1486,modesty,sanctity.virtue
1487,decency,sanctity.virtue
1488,scriptures,sanctity.virtue
1489,nobility,sanctity.virtue
1490,religion,sanctity.virtue
1491,hallow,sanctity.virtue
1492,soul,sanctity.virtue
1493,hallowed,sanctity.virtue
1494,deism,sanctity.virtue
1495,pristine,sanctity.virtue
1496,exalted,sanctity.virtue
1497,hallowing,sanctity.virtue
1498,eternal,sanctity.virtue
1499,holy cross,sanctity.virtue
1500,deities,sanctity.virtue
1501,faith,sanctity.virtue
1502,unadulterated,sanctity.virtue
1503,scripture,sanctity.virtue
1504,wholesomely,sanctity.virtue
1505,divinities,sanctity.virtue
1506,worship,sanctity.virtue
1507,virgin,sanctity.virtue
1508,god,sanctity.virtue
1509,catholicism,sanctity.virtue
1510,saintly,sanctity.virtue
1511,saintliness,sanctity.virtue
1512,godess,sanctity.virtue
1513,religiosity,sanctity.virtue
1514,purify,sanctity.virtue
1515,koranic,sanctity.virtue
1516,pure,sanctity.virtue
1517,holy crosses,sanctity.virtue
1518,exalt,sanctity.virtue
1519,virginity,sanctity.virtue
1520,divinity,sanctity.virtue
1521,consecrates,sanctity.virtue
1522,heaven,sanctity.virtue
1523,virginal,sanctity.virtue
1524,devout,sanctity.virtue
1525,dignified,sanctity.virtue
1526,tabernacle,sanctity.virtue
1527,exalts,sanctity.virtue
1528,buddhas,sanctity.virtue
1529,souls,sanctity.virtue
1530,temple,sanctity.virtue
1531,unsullied,sanctity.virtue
1532,heavenly,sanctity.virtue
1533,cleanliness,sanctity.virtue
1534,abstinance,sanctity.virtue
1535,spotlessness,sanctity.virtue
1536,talmudic,sanctity.virtue
1537,deists,sanctity.virtue
1538,gospels,sanctity.virtue
1539,prophets,sanctity.virtue
1540,religions,sanctity.virtue
1541,temples,sanctity.virtue
1542,buddhist,sanctity.virtue
1543,godesses,sanctity.virtue
1544,saints,sanctity.virtue
1545,temperance,sanctity.virtue
1546,celibacy,sanctity.virtue
1547,consecrated,sanctity.virtue
1548,priestly,sanctity.virtue
1549,bless,sanctity.virtue
1550,marriage,sanctity.virtue
1551,prophet,sanctity.virtue
1552,exalting,sanctity.virtue
1553,unchaste,sanctity.virtue
1554,supernatural,sanctity.virtue
1555,eternally,sanctity.virtue
1556,purification,sanctity.virtue
1557,apostles,sanctity.virtue
1558,monastic,sanctity.virtue
1559,purified,sanctity.virtue
1560,communion,sanctity.virtue
1561,gods,sanctity.virtue
1562,celibate,sanctity.virtue
1563,christians,sanctity.virtue
1564,theological,sanctity.virtue
1565,monasticism,sanctity.virtue
1566,unspoiled,sanctity.virtue
1567,sterility,sanctity.virtue
1568,christian,sanctity.virtue
1569,buddha,sanctity.virtue
1570,deist,sanctity.virtue
1571,prophetic,sanctity.virtue
1572,saint,sanctity.virtue
1573,righteously,sanctity.virtue
1574,apostle,sanctity.virtue
1575,prayer,sanctity.virtue
1576,faiths,sanctity.virtue
1577,shrine,sanctity.virtue
1578,purifying,sanctity.virtue
1579,worships,sanctity.virtue
1580,virgins,sanctity.virtue
1581,glorious,sanctity.virtue
1582,dignifies,sanctity.virtue
1583,atonement,sanctity.virtue
1584,deification,sanctity.virtue
1585,orthodoxy,sanctity.virtue
1586,hallows,sanctity.virtue
1587,enshrining,sanctity.virtue
1588,nunneries,sanctity.virtue
1589,church,sanctity.virtue
1590,religiously,sanctity.virtue
1591,blessings,sanctity.virtue
1592,consecrate,sanctity.virtue
1593,gospel,sanctity.virtue
1594,pray,sanctity.virtue
1595,beatifying,sanctity.virtue
1596,yogis,sanctity.virtue
1597,theology,sanctity.virtue
1598,purifies,sanctity.virtue
1599,orthodox,sanctity.virtue
1600,untainted,sanctity.virtue
1601,torah,sanctity.virtue
1602,faithfully,sanctity.virtue
1603,catholic,sanctity.virtue
1604,heavens,sanctity.virtue
1605,yogi,sanctity.virtue
1606,consecrating,sanctity.virtue
1607,blessed,sanctity.virtue
1608,faithful,sanctity.virtue
1609,koran,sanctity.virtue
1610,abstinence,sanctity.virtue
1611,jesus,sanctity.virtue
1612,monastery,sanctity.virtue
1613,purities,sanctity.virtue
1614,consecration,sanctity.virtue
1615,catholics,sanctity.virtue
1616,prayers,sanctity.virtue
1617,prayed,sanctity.virtue
1618,sterile,sanctity.virtue
1619,blesses,sanctity.virtue
1620,enshrined,sanctity.virtue
1621,torahs,sanctity.virtue
1622,organic,sanctity.virtue
1623,bible,sanctity.virtue
1624,glory,sanctity.virtue
1625,allah,sanctity.virtue
1626,glories,sanctity.virtue
1627,priests,sanctity.virtue
1628,dignifying,sanctity.virtue
1629,enshrine,sanctity.virtue
1630,mosques,sanctity.virtue
1631,spotlessly,sanctity.virtue
1632,prude,sanctity.virtue
1633,reverend,sanctity.virtue
1634,soulful,sanctity.virtue
1635,deify,sanctity.virtue
1636,christ,sanctity.virtue
1637,cathedrals,sanctity.virtue
1638,churches,sanctity.virtue
1639,cathedral,sanctity.virtue
1640,dignify,sanctity.virtue
1641,monasteries,sanctity.virtue
1642,raw,sanctity.virtue
1643,enshrines,sanctity.virtue
1644,refinement,sanctity.virtue
1645,nuns,sanctity.virtue
1646,monks,sanctity.virtue
1647,gloriously,sanctity.virtue
1648,almighty,sanctity.virtue
1649,marring,sanctity.virtue
1650,repent,sanctity.virtue
1651,prays,sanctity.virtue
1652,clean,sanctity.virtue
1653,orthodoxies,sanctity.virtue
1654,exterminates,sanctity.virtue
1655,rabbis,sanctity.virtue
1656,spotless,sanctity.virtue
1657,bibles,sanctity.virtue
1658,mosque,sanctity.virtue
1659,immaculate,sanctity.virtue
1660,organics,sanctity.virtue
1661,purifier,sanctity.virtue
1662,foods,sanctity.virtue
1663,lord,sanctity.virtue
1664,praying,sanctity.virtue
1665,repenting,sanctity.virtue
1666,marry,sanctity.virtue
1667,elevating,sanctity.virtue
1668,marrying,sanctity.virtue
1669,immaculately,sanctity.virtue
1670,rabbi,sanctity.virtue
1671,nunnery,sanctity.virtue
1672,priest,sanctity.virtue
1673,food,sanctity.virtue
1674,bloodiness,sanctity.virtue
1675,marries,sanctity.virtue
1676,synagogues,sanctity.virtue
1677,synagogue,sanctity.virtue
1678,refined,sanctity.virtue
1679,repents,sanctity.virtue
1680,angel,sanctity.virtue
1681,blessing,sanctity.virtue
1682,monk,sanctity.virtue
1683,rabbinical,sanctity.virtue
1684,organically,sanctity.virtue
1685,pope,sanctity.virtue
1686,nun,sanctity.virtue
1687,nobles,sanctity.virtue
1688,prophetically,sanctity.virtue
1689,blood,sanctity.virtue
1690,repented,sanctity.virtue
1691,pastor,sanctity.virtue
1692,purifiers,sanctity.virtue
1693,lords,sanctity.virtue
1694,bloody,sanctity.virtue
1695,untouched,sanctity.virtue
1696,cleaning,sanctity.virtue
1697,exterminating,sanctity.virtue
1698,exterminated,sanctity.virtue
1699,imam,sanctity.virtue
1700,higher power,sanctity.virtue
1701,cleaners,sanctity.virtue
1702,married,sanctity.virtue
1703,beatification,sanctity.virtue
1704,beatify,sanctity.virtue
1705,extermination,sanctity.virtue
1706,exterminate,sanctity.virtue
1707,cleaner,sanctity.virtue
1708,body,sanctity.virtue
1709,immune,sanctity.virtue
1710,atoning,sanctity.virtue
1711,imams,sanctity.virtue
1712,cleaned,sanctity.virtue
1713,atones,sanctity.virtue
1714,mary,sanctity.virtue
1715,refines,sanctity.virtue
1716,cleans,sanctity.virtue
1717,atone,sanctity.virtue
1718,immunities,sanctity.virtue
1719,immunity,sanctity.virtue
1720,stainless,sanctity.virtue
1721,refining,sanctity.virtue
1722,refine,sanctity.virtue
1723,atoned,sanctity.virtue
1724,exterminator,sanctity.virtue
1725,exterminators,sanctity.virtue
1726,impurity,sanctity.vice
1727,degradation,sanctity.vice
1728,depravity,sanctity.vice
1729,desecrate,sanctity.vice
1730,desecration,sanctity.vice
1731,repulsiveness,sanctity.vice
1732,degrading,sanctity.vice
1733,decay,sanctity.vice
1734,filth,sanctity.vice
1735,depravities,sanctity.vice
1736,defile,sanctity.vice
1737,sin,sanctity.vice
1738,fornication,sanctity.vice
1739,repulsive,sanctity.vice
1740,depraved,sanctity.vice
1741,impiety,sanctity.vice
1742,degrade,sanctity.vice
1743,repugnance,sanctity.vice
1744,impure,sanctity.vice
1745,degraded,sanctity.vice
1746,desecrations,sanctity.vice
1747,sinfulness,sanctity.vice
1748,impurities,sanctity.vice
1749,indecencies,sanctity.vice
1750,defiled,sanctity.vice
1751,defiles,sanctity.vice
1752,uncleanliness,sanctity.vice
1753,damnation,sanctity.vice
1754,debauchery,sanctity.vice
1755,impious,sanctity.vice
1756,sinful,sanctity.vice
1757,necrophiliacs,sanctity.vice
1758,desecrates,sanctity.vice
1759,sleaziness,sanctity.vice
1760,desecrating,sanctity.vice
1761,desecrated,sanctity.vice
1762,grossness,sanctity.vice
1763,contaminates,sanctity.vice
1764,sinning,sanctity.vice
1765,promiscuity,sanctity.vice
1766,befouls,sanctity.vice
1767,rottenness,sanctity.vice
1768,hedonism,sanctity.vice
1769,revolting,sanctity.vice
1770,repugnant,sanctity.vice
1771,godless,sanctity.vice
1772,scum,sanctity.vice
1773,befoul,sanctity.vice
1774,satanic,sanctity.vice
1775,sluttiness,sanctity.vice
1776,disgusting,sanctity.vice
1777,pestilence,sanctity.vice
1778,debased,sanctity.vice
1779,trashiness,sanctity.vice
1780,sins,sanctity.vice
1781,degradingly,sanctity.vice
1782,corrupting,sanctity.vice
1783,deprave,sanctity.vice
1784,perverted,sanctity.vice
1785,debase,sanctity.vice
1786,fornicating,sanctity.vice
1787,degraders,sanctity.vice
1788,defiling,sanctity.vice
1789,slime,sanctity.vice
1790,horrors,sanctity.vice
1791,repugnantly,sanctity.vice
1792,defiler,sanctity.vice
1793,deviants,sanctity.vice
1794,degrades,sanctity.vice
1795,corrupts,sanctity.vice
1796,debasing,sanctity.vice
1797,perverts,sanctity.vice
1798,parasitic,sanctity.vice
1799,disgusts,sanctity.vice
1800,deflowering,sanctity.vice
1801,hedonistic,sanctity.vice
1802,deviant,sanctity.vice
1803,scummy,sanctity.vice
1804,horrifying,sanctity.vice
1805,necrophilia,sanctity.vice
1806,contamination,sanctity.vice
1807,rot,sanctity.vice
1808,stain,sanctity.vice
1809,contaminating,sanctity.vice
1810,contaminants,sanctity.vice
1811,dirtying,sanctity.vice
1812,debases,sanctity.vice
1813,contaminate,sanctity.vice
1814,abhor,sanctity.vice
1815,heresy,sanctity.vice
1816,sleaze,sanctity.vice
1817,staining,sanctity.vice
1818,defilers,sanctity.vice
1819,harlot,sanctity.vice
1820,plagues,sanctity.vice
1821,sullies,sanctity.vice
1822,fornicators,sanctity.vice
1823,vermin,sanctity.vice
1824,befouling,sanctity.vice
1825,incest,sanctity.vice
1826,trashy,sanctity.vice
1827,excreting,sanctity.vice
1828,deforms,sanctity.vice
1829,abhored,sanctity.vice
1830,decayed,sanctity.vice
1831,whores,sanctity.vice
1832,deformities,sanctity.vice
1833,perverse,sanctity.vice
1834,adultery,sanctity.vice
1835,fornicate,sanctity.vice
1836,excrement,sanctity.vice
1837,harlots,sanctity.vice
1838,decaying,sanctity.vice
1839,fornicator,sanctity.vice
1840,unclean,sanctity.vice
1841,nauseating,sanctity.vice
1842,sully,sanctity.vice
1843,heresies,sanctity.vice
1844,satan,sanctity.vice
1845,damns,sanctity.vice
1846,satanically,sanctity.vice
1847,sinned,sanctity.vice
1848,sinners,sanctity.vice
1849,adulterous,sanctity.vice
1850,repulses,sanctity.vice
1851,corruption,sanctity.vice
1852,tainting,sanctity.vice
1853,deformity,sanctity.vice
1854,necrophiliac,sanctity.vice
1855,decays,sanctity.vice
1856,corrupted,sanctity.vice
1857,deforming,sanctity.vice
1858,contaminant,sanctity.vice
1859,disgust,sanctity.vice
1860,tarnishes,sanctity.vice
1861,hell,sanctity.vice
1862,filthy,sanctity.vice
1863,taint,sanctity.vice
1864,horrific,sanctity.vice
1865,fecal,sanctity.vice
1866,dirtied,sanctity.vice
1867,flesh,sanctity.vice
1868,stained,sanctity.vice
1869,deform,sanctity.vice
1870,putrid,sanctity.vice
1871,scatalogical,sanctity.vice
1872,dirties,sanctity.vice
1873,whoring,sanctity.vice
1874,cocksucker,sanctity.vice
1875,plague,sanctity.vice
1876,adulterers,sanctity.vice
1877,excretes,sanctity.vice
1878,infesting,sanctity.vice
1879,slimy,sanctity.vice
1880,excrete,sanctity.vice
1881,scuzz,sanctity.vice
1882,horror,sanctity.vice
1883,tarnish,sanctity.vice
1884,sexuality,sanctity.vice
1885,parasite,sanctity.vice
1886,obscenity,sanctity.vice
1887,deformed,sanctity.vice
1888,adulterer,sanctity.vice
1889,befouled,sanctity.vice
1890,muck,sanctity.vice
1891,corpses,sanctity.vice
1892,soiled,sanctity.vice
1893,infest,sanctity.vice
1894,incestuously,sanctity.vice
1895,incestuous,sanctity.vice
1896,fucker,sanctity.vice
1897,devil,sanctity.vice
1898,parasites,sanctity.vice
1899,stains,sanctity.vice
1900,skanks,sanctity.vice
1901,corpse,sanctity.vice
1902,whore,sanctity.vice
1903,lepers,sanctity.vice
1904,curses,sanctity.vice
1905,corrupt,sanctity.vice
1906,pathogens,sanctity.vice
1907,diseased,sanctity.vice
1908,deflower,sanctity.vice
1909,hedonists,sanctity.vice
1910,sinner,sanctity.vice
1911,debaucherous,sanctity.vice
1912,fester,sanctity.vice
1913,hedonist,sanctity.vice
1914,sleazy,sanctity.vice
1915,fucks,sanctity.vice
1916,promiscuous,sanctity.vice
1917,cursed,sanctity.vice
1918,curse,sanctity.vice
1919,apostates,sanctity.vice
1920,cocksuckers,sanctity.vice
1921,heretic,sanctity.vice
1922,lewdness,sanctity.vice
1923,slutty,sanctity.vice
1924,infests,sanctity.vice
1925,festers,sanctity.vice
1926,pervert,sanctity.vice
1927,fuck,sanctity.vice
1928,skanky,sanctity.vice
1929,dirty,sanctity.vice
1930,mucky,sanctity.vice
1931,puke,sanctity.vice
1932,alcoholism,sanctity.vice
1933,feces,sanctity.vice
1934,sullied,sanctity.vice
1935,disgustingly,sanctity.vice
1936,sexual,sanctity.vice
1937,cunt,sanctity.vice
1938,taints,sanctity.vice
1939,profane,sanctity.vice
1940,heretics,sanctity.vice
1941,fucking,sanctity.vice
1942,tarnishing,sanctity.vice
1943,fornicated,sanctity.vice
1944,mar,sanctity.vice
1945,shitting,sanctity.vice
1946,slut,sanctity.vice
1947,obscene,sanctity.vice
1948,barf,sanctity.vice
1949,rotten,sanctity.vice
1950,disgusted,sanctity.vice
1951,cunts,sanctity.vice
1952,waste,sanctity.vice
1953,parasitically,sanctity.vice
1954,sinfully,sanctity.vice
1955,wastes,sanctity.vice
1956,vomit,sanctity.vice
1957,pathogen,sanctity.vice
1958,rats,sanctity.vice
1959,pathogenic,sanctity.vice
1960,indecent,sanctity.vice
1961,infect,sanctity.vice
1962,leper,sanctity.vice
1963,indecently,sanctity.vice
1964,shit,sanctity.vice
1965,abhors,sanctity.vice
1966,skank,sanctity.vice
1967,infestation,sanctity.vice
1968,deflowered,sanctity.vice
1969,leprosy,sanctity.vice
1970,diseases,sanctity.vice
1971,heretical,sanctity.vice
1972,dirt,sanctity.vice
1973,cursing,sanctity.vice
1974,tarnishment,sanctity.vice
1975,disease,sanctity.vice
1976,prostitution,sanctity.vice
1977,infested,sanctity.vice
1978,apostate,sanctity.vice
1979,sluts,sanctity.vice
1980,fuckers,sanctity.vice
1981,profanity,sanctity.vice
1982,addiction,sanctity.vice
1983,contaminated,sanctity.vice
1984,scuzzy,sanctity.vice
1985,infectiousness,sanctity.vice
1986,indecency,sanctity.vice
1987,vomitted,sanctity.vice
1988,germ,sanctity.vice
1989,prostituting,sanctity.vice
1990,excreted,sanctity.vice
1991,rubbish,sanctity.vice
1992,fucked,sanctity.vice
1993,sodomy,sanctity.vice
1994,untouchables,sanctity.vice
1995,epidemics,sanctity.vice
1996,swear,sanctity.vice
1997,shits,sanctity.vice
1998,whorehouses,sanctity.vice
1999,pigsty,sanctity.vice
2000,germs,sanctity.vice
2001,prostituted,sanctity.vice
2002,mud,sanctity.vice
2003,dung,sanctity.vice
2004,epidemic,sanctity.vice
2005,rat,sanctity.vice
2006,douchebag,sanctity.vice
2007,perversely,sanctity.vice
2008,pukes,sanctity.vice
2009,puking,sanctity.vice
2010,prostitutes,sanctity.vice
2011,barfs,sanctity.vice
2012,slutting,sanctity.vice
2013,trashing,sanctity.vice
2014,whored,sanctity.vice
2015,douchebags,sanctity.vice
2016,infection,sanctity.vice
2017,shite,sanctity.vice
2018,spoil,sanctity.vice
2019,gross,sanctity.vice
2020,repulsed,sanctity.vice
2021,pus,sanctity.vice
2022,festering,sanctity.vice
2023,cockroaches,sanctity.vice
2024,tainted,sanctity.vice
2025,contagion,sanctity.vice
2026,barfed,sanctity.vice
2027,infects,sanctity.vice
2028,damned,sanctity.vice
2029,addictions,sanctity.vice
2030,shitty,sanctity.vice
2031,skanking,sanctity.vice
2032,trash,sanctity.vice
2033,whorehouse,sanctity.vice
2034,phlegm,sanctity.vice
2035,moldy,sanctity.vice
2036,plaguing,sanctity.vice
2037,shat,sanctity.vice
2038,drugged,sanctity.vice
2039,garbage,sanctity.vice
2040,infecting,sanctity.vice
2041,pandemics,sanctity.vice
2042,viruses,sanctity.vice
2043,nauseated,sanctity.vice
2044,cockroach,sanctity.vice
2045,puked,sanctity.vice
2046,drugging,sanctity.vice
2047,manure,sanctity.vice
2048,mucking,sanctity.vice
2049,lewd,sanctity.vice
2050,alcoholics,sanctity.vice
2051,gangrenous,sanctity.vice
2052,barfing,sanctity.vice
2053,gangrene,sanctity.vice
2054,shitter,sanctity.vice
2055,shittier,sanctity.vice
2056,tarnished,sanctity.vice
2057,cock,sanctity.vice
2058,vomits,sanctity.vice
2059,hookers,sanctity.vice
2060,damn,sanctity.vice
2061,addict,sanctity.vice
2062,alcoholic,sanctity.vice
2063,nausea,sanctity.vice
2064,swearing,sanctity.vice
2065,vomitting,sanctity.vice
2066,skanked,sanctity.vice
2067,infections,sanctity.vice
2068,foul,sanctity.vice
2069,prostitute,sanctity.vice
2070,risque,sanctity.vice
2071,lice,sanctity.vice
2072,gonorrhea,sanctity.vice
2073,wasting,sanctity.vice
2074,profanities,sanctity.vice
2075,divorces,sanctity.vice
2076,crappy,sanctity.vice
2077,spreading,sanctity.vice
2078,wasters,sanctity.vice
2079,addicting,sanctity.vice
2080,trashed,sanctity.vice
2081,addicts,sanctity.vice
2082,scabies,sanctity.vice
2083,swore,sanctity.vice
2084,nauseous,sanctity.vice
2085,phlegmatically,sanctity.vice
2086,spoiling,sanctity.vice
2087,nauseatingly,sanctity.vice
2088,drugs,sanctity.vice
2089,virus,sanctity.vice
2090,waster,sanctity.vice
2091,untouchable,sanctity.vice
2092,addicted,sanctity.vice
2093,damning,sanctity.vice
2094,pandemic,sanctity.vice
2095,hooker,sanctity.vice
2096,bm,sanctity.vice
2097,infected,sanctity.vice
2098,festered,sanctity.vice
2099,marred,sanctity.vice
2100,phlegmatic,sanctity.vice
2101,divorce,sanctity.vice
2102,viral,sanctity.vice
2103,contagiously,sanctity.vice
2104,plagued,sanctity.vice
2105,repulsing,sanctity.vice
2106,swears,sanctity.vice
2107,drug,sanctity.vice
2108,spoiled,sanctity.vice
2109,cum,sanctity.vice
2110,divorcing,sanctity.vice
2111,wasted,sanctity.vice
2112,divorced,sanctity.vice
2113,contagious,sanctity.vice
